{
  "ABIRoot": {
    "kind": "Root",
    "name": "TopLevel",
    "printedName": "TopLevel",
    "children": [
      {
        "kind": "Import",
        "name": "Foundation",
        "printedName": "Foundation",
        "declKind": "Import",
        "moduleName": "EmitterKit"
      },
      {
        "kind": "TypeDecl",
        "name": "Event",
        "printedName": "Event",
        "children": [
          {
            "kind": "Var",
            "name": "listenerCount",
            "printedName": "listenerCount",
            "children": [
              {
                "kind": "TypeNominal",
                "name": "Int",
                "printedName": "Swift.Int",
                "usr": "s:Si"
              }
            ],
            "declKind": "Var",
            "usr": "s:10EmitterKit5EventC13listenerCountSivp",
            "mangledName": "$s10EmitterKit5EventC13listenerCountSivp",
            "moduleName": "EmitterKit",
            "deprecated": true,
            "declAttributes": [
              "AccessControl",
              "Available"
            ],
            "accessors": [
              {
                "kind": "Accessor",
                "name": "Get",
                "printedName": "Get()",
                "children": [
                  {
                    "kind": "TypeNominal",
                    "name": "Int",
                    "printedName": "Swift.Int",
                    "usr": "s:Si"
                  }
                ],
                "declKind": "Accessor",
                "usr": "s:10EmitterKit5EventC13listenerCountSivg",
                "mangledName": "$s10EmitterKit5EventC13listenerCountSivg",
                "moduleName": "EmitterKit",
                "genericSig": "<τ_0_0>",
                "sugared_genericSig": "<T>",
                "accessorKind": "get"
              }
            ]
          },
          {
            "kind": "Constructor",
            "name": "init",
            "printedName": "init()",
            "children": [
              {
                "kind": "TypeNominal",
                "name": "Event",
                "printedName": "EmitterKit.Event<τ_0_0>",
                "children": [
                  {
                    "kind": "TypeNominal",
                    "name": "GenericTypeParam",
                    "printedName": "τ_0_0"
                  }
                ],
                "usr": "s:10EmitterKit5EventC"
              }
            ],
            "declKind": "Constructor",
            "usr": "s:10EmitterKit5EventCACyxGycfc",
            "mangledName": "$s10EmitterKit5EventCACyxGycfc",
            "moduleName": "EmitterKit",
            "genericSig": "<τ_0_0>",
            "sugared_genericSig": "<T>",
            "declAttributes": [
              "AccessControl"
            ],
            "init_kind": "Designated"
          },
          {
            "kind": "Function",
            "name": "on",
            "printedName": "on(_:)",
            "children": [
              {
                "kind": "TypeNominal",
                "name": "EventListener",
                "printedName": "EmitterKit.EventListener<τ_0_0>",
                "children": [
                  {
                    "kind": "TypeNominal",
                    "name": "GenericTypeParam",
                    "printedName": "τ_0_0"
                  }
                ],
                "usr": "s:10EmitterKit13EventListenerC"
              },
              {
                "kind": "TypeFunc",
                "name": "Function",
                "printedName": "(τ_0_0) -> ()",
                "children": [
                  {
                    "kind": "TypeNominal",
                    "name": "Void",
                    "printedName": "()"
                  },
                  {
                    "kind": "TypeNominal",
                    "name": "GenericTypeParam",
                    "printedName": "τ_0_0"
                  }
                ]
              }
            ],
            "declKind": "Func",
            "usr": "s:10EmitterKit5EventC2onyAA0C8ListenerCyxGyxcF",
            "mangledName": "$s10EmitterKit5EventC2onyAA0C8ListenerCyxGyxcF",
            "moduleName": "EmitterKit",
            "genericSig": "<τ_0_0>",
            "sugared_genericSig": "<T>",
            "declAttributes": [
              "AccessControl"
            ],
            "funcSelfKind": "NonMutating"
          },
          {
            "kind": "Function",
            "name": "on",
            "printedName": "on(_:_:)",
            "children": [
              {
                "kind": "TypeNominal",
                "name": "EventListener",
                "printedName": "EmitterKit.EventListener<τ_0_0>",
                "children": [
                  {
                    "kind": "TypeNominal",
                    "name": "GenericTypeParam",
                    "printedName": "τ_0_0"
                  }
                ],
                "usr": "s:10EmitterKit13EventListenerC"
              },
              {
                "kind": "TypeNominal",
                "name": "ProtocolComposition",
                "printedName": "AnyObject"
              },
              {
                "kind": "TypeFunc",
                "name": "Function",
                "printedName": "(τ_0_0) -> ()",
                "children": [
                  {
                    "kind": "TypeNominal",
                    "name": "Void",
                    "printedName": "()"
                  },
                  {
                    "kind": "TypeNominal",
                    "name": "GenericTypeParam",
                    "printedName": "τ_0_0"
                  }
                ]
              }
            ],
            "declKind": "Func",
            "usr": "s:10EmitterKit5EventC2onyAA0C8ListenerCyxGyXl_yxctF",
            "mangledName": "$s10EmitterKit5EventC2onyAA0C8ListenerCyxGyXl_yxctF",
            "moduleName": "EmitterKit",
            "genericSig": "<τ_0_0>",
            "sugared_genericSig": "<T>",
            "declAttributes": [
              "AccessControl"
            ],
            "funcSelfKind": "NonMutating"
          },
          {
            "kind": "Function",
            "name": "once",
            "printedName": "once(handler:)",
            "children": [
              {
                "kind": "TypeNominal",
                "name": "EventListener",
                "printedName": "EmitterKit.EventListener<τ_0_0>",
                "children": [
                  {
                    "kind": "TypeNominal",
                    "name": "GenericTypeParam",
                    "printedName": "τ_0_0"
                  }
                ],
                "usr": "s:10EmitterKit13EventListenerC"
              },
              {
                "kind": "TypeFunc",
                "name": "Function",
                "printedName": "(τ_0_0) -> ()",
                "children": [
                  {
                    "kind": "TypeNominal",
                    "name": "Void",
                    "printedName": "()"
                  },
                  {
                    "kind": "TypeNominal",
                    "name": "GenericTypeParam",
                    "printedName": "τ_0_0"
                  }
                ]
              }
            ],
            "declKind": "Func",
            "usr": "s:10EmitterKit5EventC4once7handlerAA0C8ListenerCyxGyxc_tF",
            "mangledName": "$s10EmitterKit5EventC4once7handlerAA0C8ListenerCyxGyxc_tF",
            "moduleName": "EmitterKit",
            "genericSig": "<τ_0_0>",
            "sugared_genericSig": "<T>",
            "declAttributes": [
              "AccessControl",
              "DiscardableResult"
            ],
            "funcSelfKind": "NonMutating"
          },
          {
            "kind": "Function",
            "name": "once",
            "printedName": "once(target:_:)",
            "children": [
              {
                "kind": "TypeNominal",
                "name": "EventListener",
                "printedName": "EmitterKit.EventListener<τ_0_0>",
                "children": [
                  {
                    "kind": "TypeNominal",
                    "name": "GenericTypeParam",
                    "printedName": "τ_0_0"
                  }
                ],
                "usr": "s:10EmitterKit13EventListenerC"
              },
              {
                "kind": "TypeNominal",
                "name": "ProtocolComposition",
                "printedName": "AnyObject"
              },
              {
                "kind": "TypeFunc",
                "name": "Function",
                "printedName": "(τ_0_0) -> ()",
                "children": [
                  {
                    "kind": "TypeNominal",
                    "name": "Void",
                    "printedName": "()"
                  },
                  {
                    "kind": "TypeNominal",
                    "name": "GenericTypeParam",
                    "printedName": "τ_0_0"
                  }
                ]
              }
            ],
            "declKind": "Func",
            "usr": "s:10EmitterKit5EventC4once6target_AA0C8ListenerCyxGyXl_yxctF",
            "mangledName": "$s10EmitterKit5EventC4once6target_AA0C8ListenerCyxGyXl_yxctF",
            "moduleName": "EmitterKit",
            "genericSig": "<τ_0_0>",
            "sugared_genericSig": "<T>",
            "declAttributes": [
              "AccessControl",
              "DiscardableResult"
            ],
            "funcSelfKind": "NonMutating"
          },
          {
            "kind": "Function",
            "name": "emit",
            "printedName": "emit(_:)",
            "children": [
              {
                "kind": "TypeNominal",
                "name": "Void",
                "printedName": "()"
              },
              {
                "kind": "TypeNominal",
                "name": "GenericTypeParam",
                "printedName": "τ_0_0"
              }
            ],
            "declKind": "Func",
            "usr": "s:10EmitterKit5EventC4emityyxF",
            "mangledName": "$s10EmitterKit5EventC4emityyxF",
            "moduleName": "EmitterKit",
            "genericSig": "<τ_0_0>",
            "sugared_genericSig": "<T>",
            "declAttributes": [
              "AccessControl"
            ],
            "funcSelfKind": "NonMutating"
          },
          {
            "kind": "Function",
            "name": "emit",
            "printedName": "emit(_:on:)",
            "children": [
              {
                "kind": "TypeNominal",
                "name": "Void",
                "printedName": "()"
              },
              {
                "kind": "TypeNominal",
                "name": "GenericTypeParam",
                "printedName": "τ_0_0"
              },
              {
                "kind": "TypeNominal",
                "name": "ProtocolComposition",
                "printedName": "AnyObject"
              }
            ],
            "declKind": "Func",
            "usr": "s:10EmitterKit5EventC4emit_2onyx_yXltF",
            "mangledName": "$s10EmitterKit5EventC4emit_2onyx_yXltF",
            "moduleName": "EmitterKit",
            "genericSig": "<τ_0_0>",
            "sugared_genericSig": "<T>",
            "declAttributes": [
              "AccessControl"
            ],
            "funcSelfKind": "NonMutating"
          },
          {
            "kind": "Function",
            "name": "emit",
            "printedName": "emit(_:on:)",
            "children": [
              {
                "kind": "TypeNominal",
                "name": "Void",
                "printedName": "()"
              },
              {
                "kind": "TypeNominal",
                "name": "GenericTypeParam",
                "printedName": "τ_0_0"
              },
              {
                "kind": "TypeNominal",
                "name": "Array",
                "printedName": "[AnyObject]",
                "children": [
                  {
                    "kind": "TypeNominal",
                    "name": "ProtocolComposition",
                    "printedName": "AnyObject"
                  }
                ],
                "usr": "s:Sa"
              }
            ],
            "declKind": "Func",
            "usr": "s:10EmitterKit5EventC4emit_2onyx_SayyXlGtF",
            "mangledName": "$s10EmitterKit5EventC4emit_2onyx_SayyXlGtF",
            "moduleName": "EmitterKit",
            "genericSig": "<τ_0_0>",
            "sugared_genericSig": "<T>",
            "declAttributes": [
              "AccessControl"
            ],
            "funcSelfKind": "NonMutating"
          },
          {
            "kind": "Function",
            "name": "getListeners",
            "printedName": "getListeners(_:)",
            "children": [
              {
                "kind": "TypeNominal",
                "name": "Array",
                "printedName": "[EmitterKit.Listener]",
                "children": [
                  {
                    "kind": "TypeNominal",
                    "name": "Listener",
                    "printedName": "EmitterKit.Listener",
                    "usr": "s:10EmitterKit8ListenerC"
                  }
                ],
                "usr": "s:Sa"
              },
              {
                "kind": "TypeNominal",
                "name": "Optional",
                "printedName": "AnyObject?",
                "children": [
                  {
                    "kind": "TypeNominal",
                    "name": "ProtocolComposition",
                    "printedName": "AnyObject"
                  }
                ],
                "usr": "s:Sq"
              }
            ],
            "declKind": "Func",
            "usr": "s:10EmitterKit5EventC12getListenersySayAA8ListenerCGyXlSgF",
            "mangledName": "$s10EmitterKit5EventC12getListenersySayAA8ListenerCGyXlSgF",
            "moduleName": "EmitterKit",
            "genericSig": "<τ_0_0>",
            "sugared_genericSig": "<T>",
            "declAttributes": [
              "AccessControl"
            ],
            "funcSelfKind": "NonMutating"
          },
          {
            "kind": "Function",
            "name": "emit",
            "printedName": "emit()",
            "children": [
              {
                "kind": "TypeNominal",
                "name": "Void",
                "printedName": "()"
              }
            ],
            "declKind": "Func",
            "usr": "s:10EmitterKit5EventCAAytRszlE4emityyF",
            "mangledName": "$s10EmitterKit5EventCAAytRszlE4emityyF",
            "moduleName": "EmitterKit",
            "genericSig": "<τ_0_0 where τ_0_0 == ()>",
            "sugared_genericSig": "<T where T == ()>",
            "isFromExtension": true,
            "funcSelfKind": "NonMutating"
          },
          {
            "kind": "Function",
            "name": "emit",
            "printedName": "emit(on:)",
            "children": [
              {
                "kind": "TypeNominal",
                "name": "Void",
                "printedName": "()"
              },
              {
                "kind": "TypeNominal",
                "name": "ProtocolComposition",
                "printedName": "AnyObject"
              }
            ],
            "declKind": "Func",
            "usr": "s:10EmitterKit5EventCAAytRszlE4emit2onyyXl_tF",
            "mangledName": "$s10EmitterKit5EventCAAytRszlE4emit2onyyXl_tF",
            "moduleName": "EmitterKit",
            "genericSig": "<τ_0_0 where τ_0_0 == ()>",
            "sugared_genericSig": "<T where T == ()>",
            "isFromExtension": true,
            "funcSelfKind": "NonMutating"
          },
          {
            "kind": "Function",
            "name": "emit",
            "printedName": "emit(on:)",
            "children": [
              {
                "kind": "TypeNominal",
                "name": "Void",
                "printedName": "()"
              },
              {
                "kind": "TypeNominal",
                "name": "Array",
                "printedName": "[AnyObject]",
                "children": [
                  {
                    "kind": "TypeNominal",
                    "name": "ProtocolComposition",
                    "printedName": "AnyObject"
                  }
                ],
                "usr": "s:Sa"
              }
            ],
            "declKind": "Func",
            "usr": "s:10EmitterKit5EventCAAytRszlE4emit2onySayyXlG_tF",
            "mangledName": "$s10EmitterKit5EventCAAytRszlE4emit2onySayyXlG_tF",
            "moduleName": "EmitterKit",
            "genericSig": "<τ_0_0 where τ_0_0 == ()>",
            "sugared_genericSig": "<T where T == ()>",
            "isFromExtension": true,
            "funcSelfKind": "NonMutating"
          }
        ],
        "declKind": "Class",
        "usr": "s:10EmitterKit5EventC",
        "mangledName": "$s10EmitterKit5EventC",
        "moduleName": "EmitterKit",
        "genericSig": "<τ_0_0>",
        "sugared_genericSig": "<T>",
        "declAttributes": [
          "AccessControl"
        ]
      },
      {
        "kind": "Import",
        "name": "Foundation",
        "printedName": "Foundation",
        "declKind": "Import",
        "moduleName": "EmitterKit"
      },
      {
        "kind": "TypeDecl",
        "name": "NotificationListener",
        "printedName": "NotificationListener",
        "children": [
          {
            "kind": "Var",
            "name": "name",
            "printedName": "name",
            "children": [
              {
                "kind": "TypeNominal",
                "name": "Name",
                "printedName": "Foundation.NSNotification.Name",
                "usr": "c:@T@NSNotificationName"
              }
            ],
            "declKind": "Var",
            "usr": "s:10EmitterKit20NotificationListenerC4nameSo18NSNotificationNameavp",
            "mangledName": "$s10EmitterKit20NotificationListenerC4nameSo18NSNotificationNameavp",
            "moduleName": "EmitterKit",
            "declAttributes": [
              "Final",
              "HasStorage",
              "AccessControl"
            ],
            "isLet": true,
            "hasStorage": true,
            "accessors": [
              {
                "kind": "Accessor",
                "name": "Get",
                "printedName": "Get()",
                "children": [
                  {
                    "kind": "TypeNominal",
                    "name": "Name",
                    "printedName": "Foundation.NSNotification.Name",
                    "usr": "c:@T@NSNotificationName"
                  }
                ],
                "declKind": "Accessor",
                "usr": "s:10EmitterKit20NotificationListenerC4nameSo18NSNotificationNameavg",
                "mangledName": "$s10EmitterKit20NotificationListenerC4nameSo18NSNotificationNameavg",
                "moduleName": "EmitterKit",
                "implicit": true,
                "declAttributes": [
                  "Final"
                ],
                "accessorKind": "get"
              }
            ]
          }
        ],
        "declKind": "Class",
        "usr": "s:10EmitterKit20NotificationListenerC",
        "mangledName": "$s10EmitterKit20NotificationListenerC",
        "moduleName": "EmitterKit",
        "declAttributes": [
          "AccessControl"
        ],
        "superclassUsr": "s:10EmitterKit8ListenerC",
        "hasMissingDesignatedInitializers": true,
        "superclassNames": [
          "EmitterKit.Listener"
        ]
      },
      {
        "kind": "Import",
        "name": "Foundation",
        "printedName": "Foundation",
        "declKind": "Import",
        "moduleName": "EmitterKit"
      },
      {
        "kind": "TypeDecl",
        "name": "Change",
        "printedName": "Change",
        "children": [
          {
            "kind": "Var",
            "name": "keyPath",
            "printedName": "keyPath",
            "children": [
              {
                "kind": "TypeNominal",
                "name": "String",
                "printedName": "Swift.String",
                "usr": "s:SS"
              }
            ],
            "declKind": "Var",
            "usr": "s:10EmitterKit6ChangeC7keyPathSSvp",
            "mangledName": "$s10EmitterKit6ChangeC7keyPathSSvp",
            "moduleName": "EmitterKit",
            "declAttributes": [
              "Final",
              "HasStorage",
              "AccessControl"
            ],
            "isLet": true,
            "hasStorage": true,
            "accessors": [
              {
                "kind": "Accessor",
                "name": "Get",
                "printedName": "Get()",
                "children": [
                  {
                    "kind": "TypeNominal",
                    "name": "String",
                    "printedName": "Swift.String",
                    "usr": "s:SS"
                  }
                ],
                "declKind": "Accessor",
                "usr": "s:10EmitterKit6ChangeC7keyPathSSvg",
                "mangledName": "$s10EmitterKit6ChangeC7keyPathSSvg",
                "moduleName": "EmitterKit",
                "genericSig": "<τ_0_0>",
                "sugared_genericSig": "<T>",
                "implicit": true,
                "declAttributes": [
                  "Final"
                ],
                "accessorKind": "get"
              }
            ]
          },
          {
            "kind": "Var",
            "name": "oldValue",
            "printedName": "oldValue",
            "children": [
              {
                "kind": "TypeNominal",
                "name": "ImplicitlyUnwrappedOptional",
                "printedName": "τ_0_0?",
                "children": [
                  {
                    "kind": "TypeNominal",
                    "name": "GenericTypeParam",
                    "printedName": "τ_0_0"
                  }
                ],
                "usr": "s:Sq"
              }
            ],
            "declKind": "Var",
            "usr": "s:10EmitterKit6ChangeC8oldValuexSgvp",
            "mangledName": "$s10EmitterKit6ChangeC8oldValuexSgvp",
            "moduleName": "EmitterKit",
            "declAttributes": [
              "Final",
              "HasStorage",
              "AccessControl"
            ],
            "isLet": true,
            "hasStorage": true,
            "accessors": [
              {
                "kind": "Accessor",
                "name": "Get",
                "printedName": "Get()",
                "children": [
                  {
                    "kind": "TypeNominal",
                    "name": "ImplicitlyUnwrappedOptional",
                    "printedName": "τ_0_0?",
                    "children": [
                      {
                        "kind": "TypeNominal",
                        "name": "GenericTypeParam",
                        "printedName": "τ_0_0"
                      }
                    ],
                    "usr": "s:Sq"
                  }
                ],
                "declKind": "Accessor",
                "usr": "s:10EmitterKit6ChangeC8oldValuexSgvg",
                "mangledName": "$s10EmitterKit6ChangeC8oldValuexSgvg",
                "moduleName": "EmitterKit",
                "genericSig": "<τ_0_0>",
                "sugared_genericSig": "<T>",
                "implicit": true,
                "declAttributes": [
                  "Final"
                ],
                "accessorKind": "get"
              }
            ]
          },
          {
            "kind": "Var",
            "name": "newValue",
            "printedName": "newValue",
            "children": [
              {
                "kind": "TypeNominal",
                "name": "ImplicitlyUnwrappedOptional",
                "printedName": "τ_0_0?",
                "children": [
                  {
                    "kind": "TypeNominal",
                    "name": "GenericTypeParam",
                    "printedName": "τ_0_0"
                  }
                ],
                "usr": "s:Sq"
              }
            ],
            "declKind": "Var",
            "usr": "s:10EmitterKit6ChangeC8newValuexSgvp",
            "mangledName": "$s10EmitterKit6ChangeC8newValuexSgvp",
            "moduleName": "EmitterKit",
            "declAttributes": [
              "Final",
              "HasStorage",
              "AccessControl"
            ],
            "isLet": true,
            "hasStorage": true,
            "accessors": [
              {
                "kind": "Accessor",
                "name": "Get",
                "printedName": "Get()",
                "children": [
                  {
                    "kind": "TypeNominal",
                    "name": "ImplicitlyUnwrappedOptional",
                    "printedName": "τ_0_0?",
                    "children": [
                      {
                        "kind": "TypeNominal",
                        "name": "GenericTypeParam",
                        "printedName": "τ_0_0"
                      }
                    ],
                    "usr": "s:Sq"
                  }
                ],
                "declKind": "Accessor",
                "usr": "s:10EmitterKit6ChangeC8newValuexSgvg",
                "mangledName": "$s10EmitterKit6ChangeC8newValuexSgvg",
                "moduleName": "EmitterKit",
                "genericSig": "<τ_0_0>",
                "sugared_genericSig": "<T>",
                "implicit": true,
                "declAttributes": [
                  "Final"
                ],
                "accessorKind": "get"
              }
            ]
          },
          {
            "kind": "Var",
            "name": "isPrior",
            "printedName": "isPrior",
            "children": [
              {
                "kind": "TypeNominal",
                "name": "Bool",
                "printedName": "Swift.Bool",
                "usr": "s:Sb"
              }
            ],
            "declKind": "Var",
            "usr": "s:10EmitterKit6ChangeC7isPriorSbvp",
            "mangledName": "$s10EmitterKit6ChangeC7isPriorSbvp",
            "moduleName": "EmitterKit",
            "declAttributes": [
              "Final",
              "HasStorage",
              "AccessControl"
            ],
            "isLet": true,
            "hasStorage": true,
            "accessors": [
              {
                "kind": "Accessor",
                "name": "Get",
                "printedName": "Get()",
                "children": [
                  {
                    "kind": "TypeNominal",
                    "name": "Bool",
                    "printedName": "Swift.Bool",
                    "usr": "s:Sb"
                  }
                ],
                "declKind": "Accessor",
                "usr": "s:10EmitterKit6ChangeC7isPriorSbvg",
                "mangledName": "$s10EmitterKit6ChangeC7isPriorSbvg",
                "moduleName": "EmitterKit",
                "genericSig": "<τ_0_0>",
                "sugared_genericSig": "<T>",
                "implicit": true,
                "declAttributes": [
                  "Final"
                ],
                "accessorKind": "get"
              }
            ]
          },
          {
            "kind": "Var",
            "name": "description",
            "printedName": "description",
            "children": [
              {
                "kind": "TypeNominal",
                "name": "String",
                "printedName": "Swift.String",
                "usr": "s:SS"
              }
            ],
            "declKind": "Var",
            "usr": "s:10EmitterKit6ChangeC11descriptionSSvp",
            "mangledName": "$s10EmitterKit6ChangeC11descriptionSSvp",
            "moduleName": "EmitterKit",
            "declAttributes": [
              "AccessControl"
            ],
            "accessors": [
              {
                "kind": "Accessor",
                "name": "Get",
                "printedName": "Get()",
                "children": [
                  {
                    "kind": "TypeNominal",
                    "name": "String",
                    "printedName": "Swift.String",
                    "usr": "s:SS"
                  }
                ],
                "declKind": "Accessor",
                "usr": "s:10EmitterKit6ChangeC11descriptionSSvg",
                "mangledName": "$s10EmitterKit6ChangeC11descriptionSSvg",
                "moduleName": "EmitterKit",
                "genericSig": "<τ_0_0>",
                "sugared_genericSig": "<T>",
                "accessorKind": "get"
              }
            ]
          }
        ],
        "declKind": "Class",
        "usr": "s:10EmitterKit6ChangeC",
        "mangledName": "$s10EmitterKit6ChangeC",
        "moduleName": "EmitterKit",
        "genericSig": "<τ_0_0>",
        "sugared_genericSig": "<T>",
        "declAttributes": [
          "AccessControl"
        ],
        "hasMissingDesignatedInitializers": true,
        "conformances": [
          {
            "kind": "Conformance",
            "name": "CustomStringConvertible",
            "printedName": "CustomStringConvertible",
            "usr": "s:s23CustomStringConvertibleP",
            "mangledName": "$ss23CustomStringConvertibleP"
          }
        ]
      },
      {
        "kind": "TypeDecl",
        "name": "ChangeListener",
        "printedName": "ChangeListener",
        "children": [
          {
            "kind": "Var",
            "name": "keyPath",
            "printedName": "keyPath",
            "children": [
              {
                "kind": "TypeNominal",
                "name": "String",
                "printedName": "Swift.String",
                "usr": "s:SS"
              }
            ],
            "declKind": "Var",
            "usr": "s:10EmitterKit14ChangeListenerC7keyPathSSvp",
            "mangledName": "$s10EmitterKit14ChangeListenerC7keyPathSSvp",
            "moduleName": "EmitterKit",
            "declAttributes": [
              "Final",
              "HasStorage",
              "AccessControl"
            ],
            "isLet": true,
            "hasStorage": true,
            "accessors": [
              {
                "kind": "Accessor",
                "name": "Get",
                "printedName": "Get()",
                "children": [
                  {
                    "kind": "TypeNominal",
                    "name": "String",
                    "printedName": "Swift.String",
                    "usr": "s:SS"
                  }
                ],
                "declKind": "Accessor",
                "usr": "s:10EmitterKit14ChangeListenerC7keyPathSSvg",
                "mangledName": "$s10EmitterKit14ChangeListenerC7keyPathSSvg",
                "moduleName": "EmitterKit",
                "genericSig": "<τ_0_0>",
                "sugared_genericSig": "<T>",
                "implicit": true,
                "declAttributes": [
                  "Final"
                ],
                "accessorKind": "get"
              }
            ]
          },
          {
            "kind": "Var",
            "name": "options",
            "printedName": "options",
            "children": [
              {
                "kind": "TypeNominal",
                "name": "NSKeyValueObservingOptions",
                "printedName": "Foundation.NSKeyValueObservingOptions",
                "usr": "c:@E@NSKeyValueObservingOptions"
              }
            ],
            "declKind": "Var",
            "usr": "s:10EmitterKit14ChangeListenerC7optionsSo26NSKeyValueObservingOptionsVvp",
            "mangledName": "$s10EmitterKit14ChangeListenerC7optionsSo26NSKeyValueObservingOptionsVvp",
            "moduleName": "EmitterKit",
            "declAttributes": [
              "Final",
              "HasStorage",
              "AccessControl"
            ],
            "isLet": true,
            "hasStorage": true,
            "accessors": [
              {
                "kind": "Accessor",
                "name": "Get",
                "printedName": "Get()",
                "children": [
                  {
                    "kind": "TypeNominal",
                    "name": "NSKeyValueObservingOptions",
                    "printedName": "Foundation.NSKeyValueObservingOptions",
                    "usr": "c:@E@NSKeyValueObservingOptions"
                  }
                ],
                "declKind": "Accessor",
                "usr": "s:10EmitterKit14ChangeListenerC7optionsSo26NSKeyValueObservingOptionsVvg",
                "mangledName": "$s10EmitterKit14ChangeListenerC7optionsSo26NSKeyValueObservingOptionsVvg",
                "moduleName": "EmitterKit",
                "genericSig": "<τ_0_0>",
                "sugared_genericSig": "<T>",
                "implicit": true,
                "declAttributes": [
                  "Final"
                ],
                "accessorKind": "get"
              }
            ]
          },
          {
            "kind": "Var",
            "name": "object",
            "printedName": "object",
            "children": [
              {
                "kind": "TypeNominal",
                "name": "UnownedStorage",
                "printedName": "ObjectiveC.NSObject"
              }
            ],
            "declKind": "Var",
            "usr": "s:10EmitterKit14ChangeListenerC6objectSo8NSObjectCvp",
            "mangledName": "$s10EmitterKit14ChangeListenerC6objectSo8NSObjectCvp",
            "moduleName": "EmitterKit",
            "declAttributes": [
              "Final",
              "HasStorage",
              "ReferenceOwnership",
              "AccessControl"
            ],
            "ownership": 2,
            "isLet": true,
            "hasStorage": true,
            "accessors": [
              {
                "kind": "Accessor",
                "name": "Get",
                "printedName": "Get()",
                "children": [
                  {
                    "kind": "TypeNominal",
                    "name": "NSObject",
                    "printedName": "ObjectiveC.NSObject",
                    "usr": "c:objc(cs)NSObject"
                  }
                ],
                "declKind": "Accessor",
                "usr": "s:10EmitterKit14ChangeListenerC6objectSo8NSObjectCvg",
                "mangledName": "$s10EmitterKit14ChangeListenerC6objectSo8NSObjectCvg",
                "moduleName": "EmitterKit",
                "genericSig": "<τ_0_0>",
                "sugared_genericSig": "<T>",
                "implicit": true,
                "declAttributes": [
                  "Final"
                ],
                "accessorKind": "get"
              }
            ]
          }
        ],
        "declKind": "Class",
        "usr": "s:10EmitterKit14ChangeListenerC",
        "mangledName": "$s10EmitterKit14ChangeListenerC",
        "moduleName": "EmitterKit",
        "genericSig": "<τ_0_0>",
        "sugared_genericSig": "<T>",
        "declAttributes": [
          "AccessControl"
        ],
        "superclassUsr": "s:10EmitterKit8ListenerC",
        "hasMissingDesignatedInitializers": true,
        "superclassNames": [
          "EmitterKit.Listener"
        ]
      },
      {
        "kind": "Function",
        "name": "+=",
        "printedName": "+=(_:_:)",
        "children": [
          {
            "kind": "TypeNominal",
            "name": "Void",
            "printedName": "()"
          },
          {
            "kind": "TypeNominal",
            "name": "Array",
            "printedName": "[EmitterKit.Listener]",
            "children": [
              {
                "kind": "TypeNominal",
                "name": "Listener",
                "printedName": "EmitterKit.Listener",
                "usr": "s:10EmitterKit8ListenerC"
              }
            ],
            "paramValueOwnership": "InOut",
            "usr": "s:Sa"
          },
          {
            "kind": "TypeNominal",
            "name": "Listener",
            "printedName": "EmitterKit.Listener",
            "usr": "s:10EmitterKit8ListenerC"
          }
        ],
        "declKind": "Func",
        "usr": "s:10EmitterKit2peoiyySayAA8ListenerCGz_ADtF",
        "mangledName": "$s10EmitterKit2peoiyySayAA8ListenerCGz_ADtF",
        "moduleName": "EmitterKit",
        "declAttributes": [
          "AccessControl"
        ],
        "funcSelfKind": "NonMutating"
      },
      {
        "kind": "TypeDecl",
        "name": "Listener",
        "printedName": "Listener",
        "children": [
          {
            "kind": "Var",
            "name": "isListening",
            "printedName": "isListening",
            "children": [
              {
                "kind": "TypeNominal",
                "name": "Bool",
                "printedName": "Swift.Bool",
                "usr": "s:Sb"
              }
            ],
            "declKind": "Var",
            "usr": "s:10EmitterKit8ListenerC11isListeningSbvp",
            "mangledName": "$s10EmitterKit8ListenerC11isListeningSbvp",
            "moduleName": "EmitterKit",
            "declAttributes": [
              "AccessControl"
            ],
            "accessors": [
              {
                "kind": "Accessor",
                "name": "Get",
                "printedName": "Get()",
                "children": [
                  {
                    "kind": "TypeNominal",
                    "name": "Bool",
                    "printedName": "Swift.Bool",
                    "usr": "s:Sb"
                  }
                ],
                "declKind": "Accessor",
                "usr": "s:10EmitterKit8ListenerC11isListeningSbvg",
                "mangledName": "$s10EmitterKit8ListenerC11isListeningSbvg",
                "moduleName": "EmitterKit",
                "accessorKind": "get"
              },
              {
                "kind": "Accessor",
                "name": "Set",
                "printedName": "Set()",
                "children": [
                  {
                    "kind": "TypeNominal",
                    "name": "Void",
                    "printedName": "()"
                  },
                  {
                    "kind": "TypeNominal",
                    "name": "Bool",
                    "printedName": "Swift.Bool",
                    "usr": "s:Sb"
                  }
                ],
                "declKind": "Accessor",
                "usr": "s:10EmitterKit8ListenerC11isListeningSbvs",
                "mangledName": "$s10EmitterKit8ListenerC11isListeningSbvs",
                "moduleName": "EmitterKit",
                "accessorKind": "set"
              },
              {
                "kind": "Accessor",
                "name": "Modify",
                "printedName": "Modify()",
                "children": [
                  {
                    "kind": "TypeNominal",
                    "name": "Void",
                    "printedName": "()"
                  }
                ],
                "declKind": "Accessor",
                "usr": "s:10EmitterKit8ListenerC11isListeningSbvM",
                "mangledName": "$s10EmitterKit8ListenerC11isListeningSbvM",
                "moduleName": "EmitterKit",
                "implicit": true,
                "accessorKind": "_modify"
              }
            ]
          },
          {
            "kind": "Var",
            "name": "target",
            "printedName": "target",
            "children": [
              {
                "kind": "TypeNominal",
                "name": "WeakStorage",
                "printedName": "AnyObject?"
              }
            ],
            "declKind": "Var",
            "usr": "s:10EmitterKit8ListenerC6targetyXlSgvp",
            "mangledName": "$s10EmitterKit8ListenerC6targetyXlSgvp",
            "moduleName": "EmitterKit",
            "declAttributes": [
              "HasInitialValue",
              "HasStorage",
              "ReferenceOwnership",
              "AccessControl"
            ],
            "ownership": 1,
            "hasStorage": true,
            "accessors": [
              {
                "kind": "Accessor",
                "name": "Get",
                "printedName": "Get()",
                "children": [
                  {
                    "kind": "TypeNominal",
                    "name": "ImplicitlyUnwrappedOptional",
                    "printedName": "AnyObject?",
                    "children": [
                      {
                        "kind": "TypeNominal",
                        "name": "ProtocolComposition",
                        "printedName": "AnyObject"
                      }
                    ],
                    "usr": "s:Sq"
                  }
                ],
                "declKind": "Accessor",
                "usr": "s:10EmitterKit8ListenerC6targetyXlSgvg",
                "mangledName": "$s10EmitterKit8ListenerC6targetyXlSgvg",
                "moduleName": "EmitterKit",
                "implicit": true,
                "accessorKind": "get"
              },
              {
                "kind": "Accessor",
                "name": "Set",
                "printedName": "Set()",
                "children": [
                  {
                    "kind": "TypeNominal",
                    "name": "Void",
                    "printedName": "()"
                  },
                  {
                    "kind": "TypeNominal",
                    "name": "ImplicitlyUnwrappedOptional",
                    "printedName": "AnyObject?",
                    "children": [
                      {
                        "kind": "TypeNominal",
                        "name": "ProtocolComposition",
                        "printedName": "AnyObject"
                      }
                    ],
                    "usr": "s:Sq"
                  }
                ],
                "declKind": "Accessor",
                "usr": "s:10EmitterKit8ListenerC6targetyXlSgvs",
                "mangledName": "$s10EmitterKit8ListenerC6targetyXlSgvs",
                "moduleName": "EmitterKit",
                "implicit": true,
                "accessorKind": "set"
              },
              {
                "kind": "Accessor",
                "name": "Modify",
                "printedName": "Modify()",
                "children": [
                  {
                    "kind": "TypeNominal",
                    "name": "Void",
                    "printedName": "()"
                  }
                ],
                "declKind": "Accessor",
                "usr": "s:10EmitterKit8ListenerC6targetyXlSgvM",
                "mangledName": "$s10EmitterKit8ListenerC6targetyXlSgvM",
                "moduleName": "EmitterKit",
                "implicit": true,
                "accessorKind": "_modify"
              }
            ]
          },
          {
            "kind": "Var",
            "name": "once",
            "printedName": "once",
            "children": [
              {
                "kind": "TypeNominal",
                "name": "Bool",
                "printedName": "Swift.Bool",
                "usr": "s:Sb"
              }
            ],
            "declKind": "Var",
            "usr": "s:10EmitterKit8ListenerC4onceSbvp",
            "mangledName": "$s10EmitterKit8ListenerC4onceSbvp",
            "moduleName": "EmitterKit",
            "declAttributes": [
              "HasStorage",
              "Final",
              "AccessControl"
            ],
            "isLet": true,
            "hasStorage": true,
            "accessors": [
              {
                "kind": "Accessor",
                "name": "Get",
                "printedName": "Get()",
                "children": [
                  {
                    "kind": "TypeNominal",
                    "name": "Bool",
                    "printedName": "Swift.Bool",
                    "usr": "s:Sb"
                  }
                ],
                "declKind": "Accessor",
                "usr": "s:10EmitterKit8ListenerC4onceSbvg",
                "mangledName": "$s10EmitterKit8ListenerC4onceSbvg",
                "moduleName": "EmitterKit",
                "implicit": true,
                "declAttributes": [
                  "Final"
                ],
                "accessorKind": "get"
              }
            ]
          }
        ],
        "declKind": "Class",
        "usr": "s:10EmitterKit8ListenerC",
        "mangledName": "$s10EmitterKit8ListenerC",
        "moduleName": "EmitterKit",
        "declAttributes": [
          "AccessControl"
        ],
        "hasMissingDesignatedInitializers": true
      },
      {
        "kind": "TypeDecl",
        "name": "EventListener",
        "printedName": "EventListener",
        "children": [
          {
            "kind": "Var",
            "name": "event",
            "printedName": "event",
            "children": [
              {
                "kind": "TypeNominal",
                "name": "WeakStorage",
                "printedName": "EmitterKit.Event<τ_0_0>?"
              }
            ],
            "declKind": "Var",
            "usr": "s:10EmitterKit13EventListenerC5eventAA0C0CyxGSgvp",
            "mangledName": "$s10EmitterKit13EventListenerC5eventAA0C0CyxGSgvp",
            "moduleName": "EmitterKit",
            "declAttributes": [
              "HasInitialValue",
              "HasStorage",
              "ReferenceOwnership",
              "AccessControl"
            ],
            "ownership": 1,
            "hasStorage": true,
            "accessors": [
              {
                "kind": "Accessor",
                "name": "Get",
                "printedName": "Get()",
                "children": [
                  {
                    "kind": "TypeNominal",
                    "name": "ImplicitlyUnwrappedOptional",
                    "printedName": "EmitterKit.Event<τ_0_0>?",
                    "children": [
                      {
                        "kind": "TypeNominal",
                        "name": "Event",
                        "printedName": "EmitterKit.Event<τ_0_0>",
                        "children": [
                          {
                            "kind": "TypeNominal",
                            "name": "GenericTypeParam",
                            "printedName": "τ_0_0"
                          }
                        ],
                        "usr": "s:10EmitterKit5EventC"
                      }
                    ],
                    "usr": "s:Sq"
                  }
                ],
                "declKind": "Accessor",
                "usr": "s:10EmitterKit13EventListenerC5eventAA0C0CyxGSgvg",
                "mangledName": "$s10EmitterKit13EventListenerC5eventAA0C0CyxGSgvg",
                "moduleName": "EmitterKit",
                "genericSig": "<τ_0_0>",
                "sugared_genericSig": "<T>",
                "implicit": true,
                "accessorKind": "get"
              },
              {
                "kind": "Accessor",
                "name": "Set",
                "printedName": "Set()",
                "children": [
                  {
                    "kind": "TypeNominal",
                    "name": "Void",
                    "printedName": "()"
                  },
                  {
                    "kind": "TypeNominal",
                    "name": "ImplicitlyUnwrappedOptional",
                    "printedName": "EmitterKit.Event<τ_0_0>?",
                    "children": [
                      {
                        "kind": "TypeNominal",
                        "name": "Event",
                        "printedName": "EmitterKit.Event<τ_0_0>",
                        "children": [
                          {
                            "kind": "TypeNominal",
                            "name": "GenericTypeParam",
                            "printedName": "τ_0_0"
                          }
                        ],
                        "usr": "s:10EmitterKit5EventC"
                      }
                    ],
                    "usr": "s:Sq"
                  }
                ],
                "declKind": "Accessor",
                "usr": "s:10EmitterKit13EventListenerC5eventAA0C0CyxGSgvs",
                "mangledName": "$s10EmitterKit13EventListenerC5eventAA0C0CyxGSgvs",
                "moduleName": "EmitterKit",
                "genericSig": "<τ_0_0>",
                "sugared_genericSig": "<T>",
                "implicit": true,
                "accessorKind": "set"
              },
              {
                "kind": "Accessor",
                "name": "Modify",
                "printedName": "Modify()",
                "children": [
                  {
                    "kind": "TypeNominal",
                    "name": "Void",
                    "printedName": "()"
                  }
                ],
                "declKind": "Accessor",
                "usr": "s:10EmitterKit13EventListenerC5eventAA0C0CyxGSgvM",
                "mangledName": "$s10EmitterKit13EventListenerC5eventAA0C0CyxGSgvM",
                "moduleName": "EmitterKit",
                "genericSig": "<τ_0_0>",
                "sugared_genericSig": "<T>",
                "implicit": true,
                "accessorKind": "_modify"
              }
            ]
          }
        ],
        "declKind": "Class",
        "usr": "s:10EmitterKit13EventListenerC",
        "mangledName": "$s10EmitterKit13EventListenerC",
        "moduleName": "EmitterKit",
        "genericSig": "<τ_0_0>",
        "sugared_genericSig": "<T>",
        "declAttributes": [
          "AccessControl"
        ],
        "superclassUsr": "s:10EmitterKit8ListenerC",
        "hasMissingDesignatedInitializers": true,
        "superclassNames": [
          "EmitterKit.Listener"
        ]
      },
      {
        "kind": "Import",
        "name": "Foundation",
        "printedName": "Foundation",
        "declKind": "Import",
        "moduleName": "EmitterKit"
      },
      {
        "kind": "TypeDecl",
        "name": "Notifier",
        "printedName": "Notifier",
        "children": [
          {
            "kind": "Var",
            "name": "name",
            "printedName": "name",
            "children": [
              {
                "kind": "TypeNominal",
                "name": "Name",
                "printedName": "Foundation.NSNotification.Name",
                "usr": "c:@T@NSNotificationName"
              }
            ],
            "declKind": "Var",
            "usr": "s:10EmitterKit8NotifierC4nameSo18NSNotificationNameavp",
            "mangledName": "$s10EmitterKit8NotifierC4nameSo18NSNotificationNameavp",
            "moduleName": "EmitterKit",
            "declAttributes": [
              "Final",
              "HasStorage",
              "AccessControl"
            ],
            "isLet": true,
            "hasStorage": true,
            "accessors": [
              {
                "kind": "Accessor",
                "name": "Get",
                "printedName": "Get()",
                "children": [
                  {
                    "kind": "TypeNominal",
                    "name": "Name",
                    "printedName": "Foundation.NSNotification.Name",
                    "usr": "c:@T@NSNotificationName"
                  }
                ],
                "declKind": "Accessor",
                "usr": "s:10EmitterKit8NotifierC4nameSo18NSNotificationNameavg",
                "mangledName": "$s10EmitterKit8NotifierC4nameSo18NSNotificationNameavg",
                "moduleName": "EmitterKit",
                "implicit": true,
                "declAttributes": [
                  "Final"
                ],
                "accessorKind": "get"
              }
            ]
          },
          {
            "kind": "Constructor",
            "name": "init",
            "printedName": "init(_:)",
            "children": [
              {
                "kind": "TypeNominal",
                "name": "Notifier",
                "printedName": "EmitterKit.Notifier",
                "usr": "s:10EmitterKit8NotifierC"
              },
              {
                "kind": "TypeNominal",
                "name": "String",
                "printedName": "Swift.String",
                "usr": "s:SS"
              }
            ],
            "declKind": "Constructor",
            "usr": "s:10EmitterKit8NotifierCyACSScfc",
            "mangledName": "$s10EmitterKit8NotifierCyACSScfc",
            "moduleName": "EmitterKit",
            "declAttributes": [
              "AccessControl"
            ],
            "init_kind": "Designated"
          },
          {
            "kind": "Constructor",
            "name": "init",
            "printedName": "init(_:)",
            "children": [
              {
                "kind": "TypeNominal",
                "name": "Notifier",
                "printedName": "EmitterKit.Notifier",
                "usr": "s:10EmitterKit8NotifierC"
              },
              {
                "kind": "TypeNominal",
                "name": "Name",
                "printedName": "Foundation.NSNotification.Name",
                "usr": "c:@T@NSNotificationName"
              }
            ],
            "declKind": "Constructor",
            "usr": "s:10EmitterKit8NotifierCyACSo18NSNotificationNameacfc",
            "mangledName": "$s10EmitterKit8NotifierCyACSo18NSNotificationNameacfc",
            "moduleName": "EmitterKit",
            "declAttributes": [
              "AccessControl"
            ],
            "init_kind": "Designated"
          },
          {
            "kind": "Function",
            "name": "on",
            "printedName": "on(_:)",
            "children": [
              {
                "kind": "TypeNominal",
                "name": "NotificationListener",
                "printedName": "EmitterKit.NotificationListener",
                "usr": "s:10EmitterKit20NotificationListenerC"
              },
              {
                "kind": "TypeFunc",
                "name": "Function",
                "printedName": "(Foundation.Notification) -> ()",
                "children": [
                  {
                    "kind": "TypeNominal",
                    "name": "Void",
                    "printedName": "()"
                  },
                  {
                    "kind": "TypeNominal",
                    "name": "Notification",
                    "printedName": "Foundation.Notification",
                    "usr": "s:10Foundation12NotificationV"
                  }
                ]
              }
            ],
            "declKind": "Func",
            "usr": "s:10EmitterKit8NotifierC2onyAA20NotificationListenerCy10Foundation0E0VcF",
            "mangledName": "$s10EmitterKit8NotifierC2onyAA20NotificationListenerCy10Foundation0E0VcF",
            "moduleName": "EmitterKit",
            "declAttributes": [
              "AccessControl"
            ],
            "funcSelfKind": "NonMutating"
          },
          {
            "kind": "Function",
            "name": "on",
            "printedName": "on(_:_:)",
            "children": [
              {
                "kind": "TypeNominal",
                "name": "NotificationListener",
                "printedName": "EmitterKit.NotificationListener",
                "usr": "s:10EmitterKit20NotificationListenerC"
              },
              {
                "kind": "TypeNominal",
                "name": "ImplicitlyUnwrappedOptional",
                "printedName": "AnyObject?",
                "children": [
                  {
                    "kind": "TypeNominal",
                    "name": "ProtocolComposition",
                    "printedName": "AnyObject"
                  }
                ],
                "usr": "s:Sq"
              },
              {
                "kind": "TypeFunc",
                "name": "Function",
                "printedName": "(Foundation.Notification) -> ()",
                "children": [
                  {
                    "kind": "TypeNominal",
                    "name": "Void",
                    "printedName": "()"
                  },
                  {
                    "kind": "TypeNominal",
                    "name": "Notification",
                    "printedName": "Foundation.Notification",
                    "usr": "s:10Foundation12NotificationV"
                  }
                ]
              }
            ],
            "declKind": "Func",
            "usr": "s:10EmitterKit8NotifierC2onyAA20NotificationListenerCyXlSg_y10Foundation0E0VctF",
            "mangledName": "$s10EmitterKit8NotifierC2onyAA20NotificationListenerCyXlSg_y10Foundation0E0VctF",
            "moduleName": "EmitterKit",
            "declAttributes": [
              "AccessControl"
            ],
            "funcSelfKind": "NonMutating"
          },
          {
            "kind": "Function",
            "name": "once",
            "printedName": "once(_:)",
            "children": [
              {
                "kind": "TypeNominal",
                "name": "NotificationListener",
                "printedName": "EmitterKit.NotificationListener",
                "usr": "s:10EmitterKit20NotificationListenerC"
              },
              {
                "kind": "TypeFunc",
                "name": "Function",
                "printedName": "(Foundation.Notification) -> ()",
                "children": [
                  {
                    "kind": "TypeNominal",
                    "name": "Void",
                    "printedName": "()"
                  },
                  {
                    "kind": "TypeNominal",
                    "name": "Notification",
                    "printedName": "Foundation.Notification",
                    "usr": "s:10Foundation12NotificationV"
                  }
                ]
              }
            ],
            "declKind": "Func",
            "usr": "s:10EmitterKit8NotifierC4onceyAA20NotificationListenerCy10Foundation0E0VcF",
            "mangledName": "$s10EmitterKit8NotifierC4onceyAA20NotificationListenerCy10Foundation0E0VcF",
            "moduleName": "EmitterKit",
            "declAttributes": [
              "AccessControl",
              "DiscardableResult"
            ],
            "funcSelfKind": "NonMutating"
          },
          {
            "kind": "Function",
            "name": "once",
            "printedName": "once(_:_:)",
            "children": [
              {
                "kind": "TypeNominal",
                "name": "NotificationListener",
                "printedName": "EmitterKit.NotificationListener",
                "usr": "s:10EmitterKit20NotificationListenerC"
              },
              {
                "kind": "TypeNominal",
                "name": "ImplicitlyUnwrappedOptional",
                "printedName": "AnyObject?",
                "children": [
                  {
                    "kind": "TypeNominal",
                    "name": "ProtocolComposition",
                    "printedName": "AnyObject"
                  }
                ],
                "usr": "s:Sq"
              },
              {
                "kind": "TypeFunc",
                "name": "Function",
                "printedName": "(Foundation.Notification) -> ()",
                "children": [
                  {
                    "kind": "TypeNominal",
                    "name": "Void",
                    "printedName": "()"
                  },
                  {
                    "kind": "TypeNominal",
                    "name": "Notification",
                    "printedName": "Foundation.Notification",
                    "usr": "s:10Foundation12NotificationV"
                  }
                ]
              }
            ],
            "declKind": "Func",
            "usr": "s:10EmitterKit8NotifierC4onceyAA20NotificationListenerCyXlSg_y10Foundation0E0VctF",
            "mangledName": "$s10EmitterKit8NotifierC4onceyAA20NotificationListenerCyXlSg_y10Foundation0E0VctF",
            "moduleName": "EmitterKit",
            "declAttributes": [
              "AccessControl",
              "DiscardableResult"
            ],
            "funcSelfKind": "NonMutating"
          },
          {
            "kind": "Function",
            "name": "emit",
            "printedName": "emit(_:)",
            "children": [
              {
                "kind": "TypeNominal",
                "name": "Void",
                "printedName": "()"
              },
              {
                "kind": "TypeNominal",
                "name": "NSDictionary",
                "printedName": "Foundation.NSDictionary",
                "usr": "c:objc(cs)NSDictionary"
              }
            ],
            "declKind": "Func",
            "usr": "s:10EmitterKit8NotifierC4emityySo12NSDictionaryCF",
            "mangledName": "$s10EmitterKit8NotifierC4emityySo12NSDictionaryCF",
            "moduleName": "EmitterKit",
            "declAttributes": [
              "AccessControl"
            ],
            "funcSelfKind": "NonMutating"
          },
          {
            "kind": "Function",
            "name": "emit",
            "printedName": "emit(_:on:)",
            "children": [
              {
                "kind": "TypeNominal",
                "name": "Void",
                "printedName": "()"
              },
              {
                "kind": "TypeNominal",
                "name": "NSDictionary",
                "printedName": "Foundation.NSDictionary",
                "usr": "c:objc(cs)NSDictionary"
              },
              {
                "kind": "TypeNominal",
                "name": "ProtocolComposition",
                "printedName": "AnyObject"
              }
            ],
            "declKind": "Func",
            "usr": "s:10EmitterKit8NotifierC4emit_2onySo12NSDictionaryC_yXltF",
            "mangledName": "$s10EmitterKit8NotifierC4emit_2onySo12NSDictionaryC_yXltF",
            "moduleName": "EmitterKit",
            "declAttributes": [
              "AccessControl"
            ],
            "funcSelfKind": "NonMutating"
          },
          {
            "kind": "Function",
            "name": "emit",
            "printedName": "emit(_:on:)",
            "children": [
              {
                "kind": "TypeNominal",
                "name": "Void",
                "printedName": "()"
              },
              {
                "kind": "TypeNominal",
                "name": "NSDictionary",
                "printedName": "Foundation.NSDictionary",
                "usr": "c:objc(cs)NSDictionary"
              },
              {
                "kind": "TypeNominal",
                "name": "Array",
                "printedName": "[AnyObject]",
                "children": [
                  {
                    "kind": "TypeNominal",
                    "name": "ProtocolComposition",
                    "printedName": "AnyObject"
                  }
                ],
                "usr": "s:Sa"
              }
            ],
            "declKind": "Func",
            "usr": "s:10EmitterKit8NotifierC4emit_2onySo12NSDictionaryC_SayyXlGtF",
            "mangledName": "$s10EmitterKit8NotifierC4emit_2onySo12NSDictionaryC_SayyXlGtF",
            "moduleName": "EmitterKit",
            "declAttributes": [
              "AccessControl"
            ],
            "funcSelfKind": "NonMutating"
          }
        ],
        "declKind": "Class",
        "usr": "s:10EmitterKit8NotifierC",
        "mangledName": "$s10EmitterKit8NotifierC",
        "moduleName": "EmitterKit",
        "declAttributes": [
          "AccessControl"
        ]
      },
      {
        "kind": "TypeDecl",
        "name": "NSObject",
        "printedName": "NSObject",
        "children": [
          {
            "kind": "Function",
            "name": "on",
            "printedName": "on(_:_:)",
            "children": [
              {
                "kind": "TypeNominal",
                "name": "ChangeListener",
                "printedName": "EmitterKit.ChangeListener<τ_0_0>",
                "children": [
                  {
                    "kind": "TypeNominal",
                    "name": "GenericTypeParam",
                    "printedName": "τ_0_0"
                  }
                ],
                "usr": "s:10EmitterKit14ChangeListenerC"
              },
              {
                "kind": "TypeNominal",
                "name": "String",
                "printedName": "Swift.String",
                "usr": "s:SS"
              },
              {
                "kind": "TypeFunc",
                "name": "Function",
                "printedName": "(EmitterKit.Change<τ_0_0>) -> ()",
                "children": [
                  {
                    "kind": "TypeNominal",
                    "name": "Void",
                    "printedName": "()"
                  },
                  {
                    "kind": "TypeNominal",
                    "name": "Change",
                    "printedName": "EmitterKit.Change<τ_0_0>",
                    "children": [
                      {
                        "kind": "TypeNominal",
                        "name": "GenericTypeParam",
                        "printedName": "τ_0_0"
                      }
                    ],
                    "usr": "s:10EmitterKit6ChangeC"
                  }
                ]
              }
            ],
            "declKind": "Func",
            "usr": "s:So8NSObjectC10EmitterKitE2onyAC14ChangeListenerCyxGSS_yAC0E0CyxGctlF",
            "mangledName": "$sSo8NSObjectC10EmitterKitE2onyAC14ChangeListenerCyxGSS_yAC0E0CyxGctlF",
            "moduleName": "EmitterKit",
            "genericSig": "<τ_0_0>",
            "sugared_genericSig": "<T>",
            "declAttributes": [
              "RawDocComment"
            ],
            "isFromExtension": true,
            "funcSelfKind": "NonMutating"
          },
          {
            "kind": "Function",
            "name": "once",
            "printedName": "once(_:_:)",
            "children": [
              {
                "kind": "TypeNominal",
                "name": "ChangeListener",
                "printedName": "EmitterKit.ChangeListener<τ_0_0>",
                "children": [
                  {
                    "kind": "TypeNominal",
                    "name": "GenericTypeParam",
                    "printedName": "τ_0_0"
                  }
                ],
                "usr": "s:10EmitterKit14ChangeListenerC"
              },
              {
                "kind": "TypeNominal",
                "name": "String",
                "printedName": "Swift.String",
                "usr": "s:SS"
              },
              {
                "kind": "TypeFunc",
                "name": "Function",
                "printedName": "(EmitterKit.Change<τ_0_0>) -> ()",
                "children": [
                  {
                    "kind": "TypeNominal",
                    "name": "Void",
                    "printedName": "()"
                  },
                  {
                    "kind": "TypeNominal",
                    "name": "Change",
                    "printedName": "EmitterKit.Change<τ_0_0>",
                    "children": [
                      {
                        "kind": "TypeNominal",
                        "name": "GenericTypeParam",
                        "printedName": "τ_0_0"
                      }
                    ],
                    "usr": "s:10EmitterKit6ChangeC"
                  }
                ]
              }
            ],
            "declKind": "Func",
            "usr": "s:So8NSObjectC10EmitterKitE4onceyAC14ChangeListenerCyxGSS_yAC0E0CyxGctlF",
            "mangledName": "$sSo8NSObjectC10EmitterKitE4onceyAC14ChangeListenerCyxGSS_yAC0E0CyxGctlF",
            "moduleName": "EmitterKit",
            "genericSig": "<τ_0_0>",
            "sugared_genericSig": "<T>",
            "declAttributes": [
              "DiscardableResult",
              "RawDocComment"
            ],
            "isFromExtension": true,
            "funcSelfKind": "NonMutating"
          },
          {
            "kind": "Function",
            "name": "on",
            "printedName": "on(_:_:_:)",
            "children": [
              {
                "kind": "TypeNominal",
                "name": "ChangeListener",
                "printedName": "EmitterKit.ChangeListener<τ_0_0>",
                "children": [
                  {
                    "kind": "TypeNominal",
                    "name": "GenericTypeParam",
                    "printedName": "τ_0_0"
                  }
                ],
                "usr": "s:10EmitterKit14ChangeListenerC"
              },
              {
                "kind": "TypeNominal",
                "name": "String",
                "printedName": "Swift.String",
                "usr": "s:SS"
              },
              {
                "kind": "TypeNominal",
                "name": "NSKeyValueObservingOptions",
                "printedName": "Foundation.NSKeyValueObservingOptions",
                "usr": "c:@E@NSKeyValueObservingOptions"
              },
              {
                "kind": "TypeFunc",
                "name": "Function",
                "printedName": "(EmitterKit.Change<τ_0_0>) -> ()",
                "children": [
                  {
                    "kind": "TypeNominal",
                    "name": "Void",
                    "printedName": "()"
                  },
                  {
                    "kind": "TypeNominal",
                    "name": "Change",
                    "printedName": "EmitterKit.Change<τ_0_0>",
                    "children": [
                      {
                        "kind": "TypeNominal",
                        "name": "GenericTypeParam",
                        "printedName": "τ_0_0"
                      }
                    ],
                    "usr": "s:10EmitterKit6ChangeC"
                  }
                ]
              }
            ],
            "declKind": "Func",
            "usr": "s:So8NSObjectC10EmitterKitE2onyAC14ChangeListenerCyxGSS_So26NSKeyValueObservingOptionsVyAC0E0CyxGctlF",
            "mangledName": "$sSo8NSObjectC10EmitterKitE2onyAC14ChangeListenerCyxGSS_So26NSKeyValueObservingOptionsVyAC0E0CyxGctlF",
            "moduleName": "EmitterKit",
            "genericSig": "<τ_0_0>",
            "sugared_genericSig": "<T>",
            "declAttributes": [
              "RawDocComment"
            ],
            "isFromExtension": true,
            "funcSelfKind": "NonMutating"
          },
          {
            "kind": "Function",
            "name": "once",
            "printedName": "once(_:_:_:)",
            "children": [
              {
                "kind": "TypeNominal",
                "name": "ChangeListener",
                "printedName": "EmitterKit.ChangeListener<τ_0_0>",
                "children": [
                  {
                    "kind": "TypeNominal",
                    "name": "GenericTypeParam",
                    "printedName": "τ_0_0"
                  }
                ],
                "usr": "s:10EmitterKit14ChangeListenerC"
              },
              {
                "kind": "TypeNominal",
                "name": "String",
                "printedName": "Swift.String",
                "usr": "s:SS"
              },
              {
                "kind": "TypeNominal",
                "name": "NSKeyValueObservingOptions",
                "printedName": "Foundation.NSKeyValueObservingOptions",
                "usr": "c:@E@NSKeyValueObservingOptions"
              },
              {
                "kind": "TypeFunc",
                "name": "Function",
                "printedName": "(EmitterKit.Change<τ_0_0>) -> ()",
                "children": [
                  {
                    "kind": "TypeNominal",
                    "name": "Void",
                    "printedName": "()"
                  },
                  {
                    "kind": "TypeNominal",
                    "name": "Change",
                    "printedName": "EmitterKit.Change<τ_0_0>",
                    "children": [
                      {
                        "kind": "TypeNominal",
                        "name": "GenericTypeParam",
                        "printedName": "τ_0_0"
                      }
                    ],
                    "usr": "s:10EmitterKit6ChangeC"
                  }
                ]
              }
            ],
            "declKind": "Func",
            "usr": "s:So8NSObjectC10EmitterKitE4onceyAC14ChangeListenerCyxGSS_So26NSKeyValueObservingOptionsVyAC0E0CyxGctlF",
            "mangledName": "$sSo8NSObjectC10EmitterKitE4onceyAC14ChangeListenerCyxGSS_So26NSKeyValueObservingOptionsVyAC0E0CyxGctlF",
            "moduleName": "EmitterKit",
            "genericSig": "<τ_0_0>",
            "sugared_genericSig": "<T>",
            "declAttributes": [
              "DiscardableResult",
              "RawDocComment"
            ],
            "isFromExtension": true,
            "funcSelfKind": "NonMutating"
          },
          {
            "kind": "Function",
            "name": "removeListeners",
            "printedName": "removeListeners(_:)",
            "children": [
              {
                "kind": "TypeNominal",
                "name": "Void",
                "printedName": "()"
              },
              {
                "kind": "TypeNominal",
                "name": "Array",
                "printedName": "[EmitterKit.Listener]",
                "children": [
                  {
                    "kind": "TypeNominal",
                    "name": "Listener",
                    "printedName": "EmitterKit.Listener",
                    "usr": "s:10EmitterKit8ListenerC"
                  }
                ],
                "usr": "s:Sa"
              }
            ],
            "declKind": "Func",
            "usr": "s:So8NSObjectC10EmitterKitE15removeListenersyySayAC8ListenerCGF",
            "mangledName": "$sSo8NSObjectC10EmitterKitE15removeListenersyySayAC8ListenerCGF",
            "moduleName": "EmitterKit",
            "declAttributes": [
              "RawDocComment"
            ],
            "isFromExtension": true,
            "funcSelfKind": "NonMutating"
          }
        ],
        "declKind": "Class",
        "usr": "c:objc(cs)NSObject",
        "moduleName": "ObjectiveC",
        "isOpen": true,
        "intro_tvOS": "9.0",
        "objc_name": "NSObject",
        "declAttributes": [
          "Available",
          "ObjC",
          "Dynamic"
        ],
        "isExternal": true,
        "conformances": [
          {
            "kind": "Conformance",
            "name": "Equatable",
            "printedName": "Equatable",
            "usr": "s:SQ",
            "mangledName": "$sSQ"
          },
          {
            "kind": "Conformance",
            "name": "Hashable",
            "printedName": "Hashable",
            "usr": "s:SH",
            "mangledName": "$sSH"
          },
          {
            "kind": "Conformance",
            "name": "CVarArg",
            "printedName": "CVarArg",
            "usr": "s:s7CVarArgP",
            "mangledName": "$ss7CVarArgP"
          },
          {
            "kind": "Conformance",
            "name": "_KeyValueCodingAndObservingPublishing",
            "printedName": "_KeyValueCodingAndObservingPublishing",
            "usr": "s:10Foundation37_KeyValueCodingAndObservingPublishingP",
            "mangledName": "$s10Foundation37_KeyValueCodingAndObservingPublishingP"
          },
          {
            "kind": "Conformance",
            "name": "_KeyValueCodingAndObserving",
            "printedName": "_KeyValueCodingAndObserving",
            "usr": "s:10Foundation27_KeyValueCodingAndObservingP",
            "mangledName": "$s10Foundation27_KeyValueCodingAndObservingP"
          },
          {
            "kind": "Conformance",
            "name": "CustomStringConvertible",
            "printedName": "CustomStringConvertible",
            "usr": "s:s23CustomStringConvertibleP",
            "mangledName": "$ss23CustomStringConvertibleP"
          },
          {
            "kind": "Conformance",
            "name": "CustomDebugStringConvertible",
            "printedName": "CustomDebugStringConvertible",
            "usr": "s:s28CustomDebugStringConvertibleP",
            "mangledName": "$ss28CustomDebugStringConvertibleP"
          }
        ]
      }
    ],
    "json_format_version": 8
  },
  "ConstValues": [
    {
      "filePath": "\/Users\/naresh.bojja\/Documents\/MediaCorp-ios\/Emitter-kit\/src\/Event.swift",
      "kind": "BooleanLiteral",
      "offset": 1546,
      "length": 5,
      "value": "false"
    },
    {
      "filePath": "\/Users\/naresh.bojja\/Documents\/MediaCorp-ios\/Emitter-kit\/src\/NotificationListener.swift",
      "kind": "StringLiteral",
      "offset": 33,
      "length": 20,
      "value": "\"EmitterKit.NotificationListener\""
    },
    {
      "filePath": "\/Users\/naresh.bojja\/Documents\/MediaCorp-ios\/Emitter-kit\/src\/ChangeListener.swift",
      "kind": "StringLiteral",
      "offset": 1900,
      "length": 14,
      "value": "\"EmitterKit.ChangeListener\""
    },
    {
      "filePath": "\/Users\/naresh.bojja\/Documents\/MediaCorp-ios\/Emitter-kit\/src\/ChangeListener.swift",
      "kind": "StringLiteral",
      "offset": 3868,
      "length": 14,
      "value": "\"EmitterKit.ChangeObserver\""
    },
    {
      "filePath": "\/Users\/naresh.bojja\/Documents\/MediaCorp-ios\/Emitter-kit\/src\/Listener.swift",
      "kind": "BooleanLiteral",
      "offset": 534,
      "length": 5,
      "value": "false"
    },
    {
      "filePath": "\/Users\/naresh.bojja\/Documents\/MediaCorp-ios\/Emitter-kit\/src\/EventListener.swift",
      "kind": "StringLiteral",
      "offset": 14,
      "length": 13,
      "value": "\"EmitterKit.EventListener\""
    }
  ]
}